,Unnamed: 0,collection,issn_scielo,journal,title,doc_type,pid,doi,doi_prefix,version,pub_year,has_doi,no_doi,doi_found,doi_not_found,request
0,0,scl,0044-5967,Acta Amazonica,O uso do solo na Amazônia,editorial,S0044-59671973000100003,10.1590/1809-43921973031003,10.158999999999999,xml,1973,1,0,0,1,404 Client Error: Not Found for url: https://www.doi.org/doi/10.1590/1809-43921973031003
1,1,scl,0044-5967,Acta Amazonica,An evolutionary and ecological perspective of Amazonian Hylaea species of Hymeneae (Leguminosae: Caesalpinioideae),undefined,S0044-59671973000100005,10.1590/1809-43921973031005,10.158999999999999,xml,1973,1,0,0,1,404 Client Error: Not Found for url: https://www.doi.org/doi/10.1590/1809-43921973031005
2,2,scl,0044-5967,Acta Amazonica,"Anatomia de Anacardium spruceanum Bth, Ex Engl. (Anacardiaceae da Amazônia).",undefined,S0044-59671973000100039,10.1590/1809-43921973031039,10.158999999999999,xml,1973,1,0,0,1,404 Client Error: Not Found for url: https://www.doi.org/doi/10.1590/1809-43921973031039
3,3,scl,0044-5967,Acta Amazonica,The effect of slash and burn agriculture on plant nutrients in the Tertiary Region of Central Amazonia (),undefined,S0044-59671973000100055,10.1590/1809-43921973031055,10.158999999999999,xml,1973,1,0,0,1,404 Client Error: Not Found for url: https://www.doi.org/doi/10.1590/1809-43921973031055
4,4,scl,0044-5967,Acta Amazonica,The chemical composition of Amazonian plants (),undefined,S0044-59671973000100063,10.1590/1809-43921973031063,10.158999999999999,xml,1973,1,0,0,1,404 Client Error: Not Found for url: https://www.doi.org/doi/10.1590/1809-43921973031063
5,5,scl,0044-5967,Acta Amazonica,Dermatófitos no Estado do Amazonas - Brasil,undefined,S0044-59671973000100065,10.1590/1809-43921973031065,10.158999999999999,xml,1973,1,0,0,1,404 Client Error: Not Found for url: https://www.doi.org/doi/10.1590/1809-43921973031065
6,6,scl,0044-5967,Acta Amazonica,Situação dos plantios experimentais na Reserva Florestal Ducke. I - Doze essências florestais nativas da Amazônia em plantios de enriquecimento (),undefined,S0044-59671973000100071,10.1590/1809-43921973031071,10.158999999999999,xml,1973,1,0,0,1,404 Client Error: Not Found for url: https://www.doi.org/doi/10.1590/1809-43921973031071
7,7,scl,0044-5967,Acta Amazonica,Botânica para a Amazônia,editorial,S0044-59671973000200003,10.1590/1809-43921973032003,10.158999999999999,xml,1973,1,0,0,1,404 Client Error: Not Found for url: https://www.doi.org/doi/10.1590/1809-43921973032003
8,8,scl,0044-5967,Acta Amazonica,"Micrandropsis, novo gênero de Euphorbiaceae da Amazônia",undefined,S0044-59671973000200005,10.1590/1809-43921973032005,10.158999999999999,xml,1973,1,0,0,1,404 Client Error: Not Found for url: https://www.doi.org/doi/10.1590/1809-43921973032005
9,9,scl,0044-5967,Acta Amazonica,Contribuição ao conhecimento de Couma macrocarpa Barb. Rodr. e C. utilis (Mart.) M. Arg. (Apocynaceae) da Amazônia,undefined,S0044-59671973000200007,10.1590/1809-43921973032007,10.158999999999999,xml,1973,1,0,0,1,404 Client Error: Not Found for url: https://www.doi.org/doi/10.1590/1809-43921973032007
10,10,scl,0044-5967,Acta Amazonica,Contribuição para o estudo dendrológico de cinco leguminosas da Amazônia,undefined,S0044-59671973000200017,10.1590/1809-43921973032017,10.158999999999999,xml,1973,1,0,0,1,404 Client Error: Not Found for url: https://www.doi.org/doi/10.1590/1809-43921973032017
11,11,scl,0044-5967,Acta Amazonica,Natural Waters in Amazonia. VI-Soluble Calcium Properties (),undefined,S0044-59671973000200033,10.1590/1809-43921973032033,10.158999999999999,xml,1973,1,0,0,1,404 Client Error: Not Found for url: https://www.doi.org/doi/10.1590/1809-43921973032033
12,12,scl,0044-5967,Acta Amazonica,The chemical composition of Amazonian plants (),undefined,S0044-59671973000200041,10.1590/1809-43921973032041,10.158999999999999,xml,1973,1,0,0,1,404 Client Error: Not Found for url: https://www.doi.org/doi/10.1590/1809-43921973032041
13,13,scl,0044-5967,Acta Amazonica,Triatomíneos da Amazônia III. (),undefined,S0044-59671973000200043,10.1590/1809-43921973032043,10.158999999999999,xml,1973,1,0,0,1,404 Client Error: Not Found for url: https://www.doi.org/doi/10.1590/1809-43921973032043
14,14,scl,0044-5967,Acta Amazonica,"Mammals (exclusive of bats) of Belém, Pará, Brazil",undefined,S0044-59671973000200047,10.1590/1809-43921973032047,10.158999999999999,xml,1973,1,0,0,1,404 Client Error: Not Found for url: https://www.doi.org/doi/10.1590/1809-43921973032047
15,15,scl,0044-5967,Acta Amazonica,Tecnologia de Celulose e Papel no INPA,editorial,S0044-59671973000300003,10.1590/1809-43921973033003,10.158999999999999,xml,1973,1,0,0,1,404 Client Error: Not Found for url: https://www.doi.org/doi/10.1590/1809-43921973033003
16,16,scl,0044-5967,Acta Amazonica,"Phytogeographic support tor the theory of Pleistocene forest refuges in the Amazon Basin, based on evidence from distribution patterns in Caryocaraceae, Chrysobalanaceae, Dichapetalaceae and Lecythidaceae",undefined,S0044-59671973000300005,10.1590/1809-43921973033005,10.158999999999999,xml,1973,1,0,0,1,404 Client Error: Not Found for url: https://www.doi.org/doi/10.1590/1809-43921973033005
17,17,scl,0044-5967,Acta Amazonica,Energy flow analysis and the study of Manihot esculenta Crantz,undefined,S0044-59671973000300029,10.1590/1809-43921973033029,10.158999999999999,xml,1973,1,0,0,1,404 Client Error: Not Found for url: https://www.doi.org/doi/10.1590/1809-43921973033029
18,18,scl,0044-5967,Acta Amazonica,Óleos essenciais da Amazônia. VI,undefined,S0044-59671973000300041,10.1590/1809-43921973033041,10.158999999999999,xml,1973,1,0,0,1,404 Client Error: Not Found for url: https://www.doi.org/doi/10.1590/1809-43921973033041
19,19,scl,0044-5967,Acta Amazonica,The chemical composition of Amazonas plants (),undefined,S0044-59671973000300043,10.1590/1809-43921973033043,10.158999999999999,xml,1973,1,0,0,1,404 Client Error: Not Found for url: https://www.doi.org/doi/10.1590/1809-43921973033043
20,20,scl,0044-5967,Acta Amazonica,A Trema micrantha (L) Blume como matéria-prima para a produção de celulose,undefined,S0044-59671973000300045,10.1590/1809-43921973033050,10.158999999999999,xml,1973,1,0,0,1,404 Client Error: Not Found for url: https://www.doi.org/doi/10.1590/1809-43921973033050
21,21,scl,0044-5967,Acta Amazonica,"Triatomíneos da Amazônia II. Encontro do Panstrongylus rufotuberculatus (Champion, 1899) no Estado do Amazonas (Hemiptera, Reiluviidae)",undefined,S0044-59671973000300051,10.1590/1809-43921973033051,10.158999999999999,xml,1973,1,0,0,1,404 Client Error: Not Found for url: https://www.doi.org/doi/10.1590/1809-43921973033051
22,22,scl,0044-5967,Acta Amazonica,"The occurrence of Nematalycidae (Acari, Prostigmata) in Central Amazonia with a description of a new genus and species",undefined,S0044-59671973000300053,10.1590/1809-43921973033053,10.158999999999999,xml,1973,1,0,0,1,404 Client Error: Not Found for url: https://www.doi.org/doi/10.1590/1809-43921973033053
23,23,scl,0044-5967,Acta Amazonica,"Simuliidae da Amazônia VI. Descrição do Simulium meruoca sp. n. (Diptera, Nematocera)",undefined,S0044-59671973000300059,10.1590/1809-43921973033059,10.158999999999999,xml,1973,1,0,0,1,404 Client Error: Not Found for url: https://www.doi.org/doi/10.1590/1809-43921973033059
25,25,scl,0044-5967,Acta Amazonica,Desenvolvimento de árvores nativas em ensaios de espécies. 1. Pau rosa (Aniba duckei Kostermans),undefined,S0044-59671978000400523,10.1590/1809-43921978084523,10.158999999999999,xml,1978,1,0,0,1,404 Client Error: Not Found for url: https://www.doi.org/doi/10.1590/1809-43921978084523
26,26,scl,0044-5967,Acta Amazonica,Ocorrência de Ceratocystis fimbriata Eli & Halst. na Amazônia Brasileira,undefined,S0044-59671978000400543,10.1590/1809-43921978084543,10.158999999999999,xml,1978,1,0,0,1,404 Client Error: Not Found for url: https://www.doi.org/doi/10.1590/1809-43921978084543
27,27,scl,0044-5967,Acta Amazonica,"Desempenho de 15 variedades de soja plantadas em terra firme, na Fazenda Araçá, Manaus, em 1976",undefined,S0044-59671978000400545,10.1590/1809-43921978084545,10.158999999999999,xml,1978,1,0,0,1,404 Client Error: Not Found for url: https://www.doi.org/doi/10.1590/1809-43921978084545
28,28,scl,0044-5967,Acta Amazonica,"Experimento com variedades de soja do Programa de Colaboração INPA-INTSOY, realizado na várzea da ilha da Paciência, rio Solimões, 1976-1977",undefined,S0044-59671978000400549,10.1590/1809-43921978084549,10.158999999999999,xml,1978,1,0,0,1,404 Client Error: Not Found for url: https://www.doi.org/doi/10.1590/1809-43921978084549
29,29,scl,0044-5967,Acta Amazonica,"Nematóides das galhas, Meloidogyne spp., associadas ao parasitismo de plantas na Região Amazônica. II-No Estado do Pará",undefined,S0044-59671978000400557,10.1590/1809-43921978084557,10.158999999999999,xml,1978,1,0,0,1,404 Client Error: Not Found for url: https://www.doi.org/doi/10.1590/1809-43921978084557
30,30,scl,0044-5967,Acta Amazonica,Nematóides da Região Amazônica. II - Nematóides parasitas e de vida livre associados à pimenta-do-reino (Piper nigrum L.) e ao cacaueiro (Theobroma cacao L.),undefined,S0044-59671978000400561,10.1590/1809-43921978084561,10.158999999999999,xml,1978,1,0,0,1,404 Client Error: Not Found for url: https://www.doi.org/doi/10.1590/1809-43921978084561
31,31,scl,0044-5967,Acta Amazonica,New and interesting species of Chrysobalanaceae,undefined,S0044-59671978000400577,10.1590/1809-43921978084577,10.158999999999999,xml,1978,1,0,0,1,404 Client Error: Not Found for url: https://www.doi.org/doi/10.1590/1809-43921978084577
32,32,scl,0044-5967,Acta Amazonica,Notas adicionais à Heliconia tarumaensis Barreiros.,undefined,S0044-59671978000400591,10.1590/1809-43921978084591,10.158999999999999,xml,1978,1,0,0,1,404 Client Error: Not Found for url: https://www.doi.org/doi/10.1590/1809-43921978084591
33,33,scl,0044-5967,Acta Amazonica,"Sobre a ocorrência da moléstia de Chagas no Estado do Amazonas, Brasil ()",undefined,S0044-59671978000400595,10.1590/1809-43921978084595,10.158999999999999,xml,1978,1,0,0,1,404 Client Error: Not Found for url: https://www.doi.org/doi/10.1590/1809-43921978084595
34,34,scl,0044-5967,Acta Amazonica,Variações geográficas no ciclo de picada do Anopheles darlingi Root no Brasil,undefined,S0044-59671978000400601,10.1590/1809-43921978084601,10.158999999999999,xml,1978,1,0,0,1,404 Client Error: Not Found for url: https://www.doi.org/doi/10.1590/1809-43921978084601
35,35,scl,0044-5967,Acta Amazonica,"O uso de caixas excito-repelentes com Anopheles darlingi Root, A. nuneztovari Gabaldon e Culex pipiens quinquefasciatus Say obtidos em áreas perto de Manaus, Amazonas",undefined,S0044-59671978000400605,10.1590/1809-43921978084605,10.158999999999999,xml,1978,1,0,0,1,404 Client Error: Not Found for url: https://www.doi.org/doi/10.1590/1809-43921978084605
36,36,scl,0044-5967,Acta Amazonica,A penetração de luz nas águas de rios amazônicos,undefined,S0044-59671978000400613,10.1590/1809-43921978084613,10.158999999999999,xml,1978,1,0,0,1,404 Client Error: Not Found for url: https://www.doi.org/doi/10.1590/1809-43921978084613
37,37,scl,0044-5967,Acta Amazonica,Fixação de nitrogênio (redução de acetileno) em cupins (Insecta: Isoptera) da Amazônia Central,undefined,S0044-59671978000400621,10.1590/1809-43921978084621,10.158999999999999,xml,1978,1,0,0,1,404 Client Error: Not Found for url: https://www.doi.org/doi/10.1590/1809-43921978084621
38,38,scl,0044-5967,Acta Amazonica,"Detecção de predadores naturais das larvas de Simulium fulvinotum Cerq. e Mello, 1968 (Diptera, Nematocera) ()",undefined,S0044-59671978000400629,10.1590/1809-43921978084629,10.158999999999999,xml,1978,1,0,0,1,404 Client Error: Not Found for url: https://www.doi.org/doi/10.1590/1809-43921978084629
39,39,scl,0044-5967,Acta Amazonica,Algumas características químicas do magmatismo Parima/Tapuruquara,undefined,S0044-59671978000400639,10.1590/1809-43921978084639,10.158999999999999,xml,1978,1,0,0,1,404 Client Error: Not Found for url: https://www.doi.org/doi/10.1590/1809-43921978084639
40,40,scl,0044-5967,Acta Amazonica,Estado atual da sistemática dos peixes de água doce da América do Sul,undefined,S0044-59671978000400657,10.1590/1809-43921978084657,10.158999999999999,xml,1978,1,0,0,1,404 Client Error: Not Found for url: https://www.doi.org/doi/10.1590/1809-43921978084657
41,41,scl,0044-5967,Acta Amazonica,Algumas plantas cianogenéticas da região amazônica,undefined,S0044-59671978000400679,10.1590/1809-43921978084679,10.158999999999999,xml,1978,1,0,0,1,404 Client Error: Not Found for url: https://www.doi.org/doi/10.1590/1809-43921978084679
42,42,scl,0044-5967,Acta Amazonica,"The chemical composition of Amazonian plants. () A catalogue, edited by setor de fitoquímica, INPA, Manaus, Amazonas",undefined,S0044-59671978000400687,10.1590/1809-43921978084687,10.158999999999999,xml,1978,1,0,0,1,404 Client Error: Not Found for url: https://www.doi.org/doi/10.1590/1809-43921978084687
43,43,scl,0044-5967,Acta Amazonica,Catálogo dos tipos de invertebrados depositados nas coleções entomológicas do INPA-Manaus,undefined,S0044-59671978000400689,10.1590/1809-43921978084689,10.158999999999999,xml,1978,1,0,0,1,404 Client Error: Not Found for url: https://www.doi.org/doi/10.1590/1809-43921978084689
44,44,scl,0044-5967,Acta Amazonica,O bico-de-lacre (Estrilda astrild): um passarinho africano na avifauna de Manaus,undefined,S0044-59671978000400699,10.1590/1809-43921978084699,10.158999999999999,xml,1978,1,0,0,1,404 Client Error: Not Found for url: https://www.doi.org/doi/10.1590/1809-43921978084699
45,45,scl,0044-5967,Acta Amazonica,"Cupá, ou cipó-babão, alimento de alguns índios amazônicos",undefined,S0044-59671978000400702,10.1590/1809-43921978084702,10.158999999999999,xml,1978,1,0,0,1,404 Client Error: Not Found for url: https://www.doi.org/doi/10.1590/1809-43921978084702
46,46,scl,0044-5967,Acta Amazonica,"Estudo químico de óleos essenciais, oleaginosas e látices da Amazônia. I. Composição e oxidação do óleo de uma espécie de Copaifera (Nota prévia).",undefined,S0044-59671978000400705,10.1590/1809-43921978084705,10.158999999999999,xml,1978,1,0,0,1,404 Client Error: Not Found for url: https://www.doi.org/doi/10.1590/1809-43921978084705
47,47,scl,0044-5967,Acta Amazonica,"Diagnóstico da realidade alimentar e nutricional do Estado do Amazonas, 1978",undefined,S0044-59671978000800005,10.1590/1809-439219780822S005,10.158999999999999,xml,1978,1,0,0,1,404 Client Error: Not Found for url: https://www.doi.org/doi/10.1590/1809-439219780822S005
48,48,scl,0044-5967,Acta Amazonica,Oligochaeta (Annelida) do Instituto Nacional de Pesquisas da Amazônia,undefined,S0044-59671978000900005,10.1590/1809-439219780831S005,10.158999999999999,xml,1978,1,0,0,1,404 Client Error: Not Found for url: https://www.doi.org/doi/10.1590/1809-439219780831S005
49,49,scl,0044-5967,Acta Amazonica,"Pesca e esforço de pesca no Estado do Amazonas. II - Locais, aparelhos de captura e estatísticas de desembarque",research-article,S0044-59671978001000005,10.1590/1809-439219780832S005,10.158999999999999,xml,1978,1,0,0,1,404 Client Error: Not Found for url: https://www.doi.org/doi/10.1590/1809-439219780832S005
51,51,scl,0080-6234,Revista da Escola de Enfermagem da USP,INFLUÊNCIA DE DOUTORA WANDA DE AGUIAR HORTA NA EEUSP,undefined,S0080-62341987000400003,10.1590/0080-62341987021ESP00003,10.158999999999999,xml,1987,1,0,0,1,404 Client Error: Not Found for url: https://www.doi.org/doi/10.1590/0080-62341987021ESP00003
52,52,scl,0080-6234,Revista da Escola de Enfermagem da USP,PARTICIPAÇÃO DA DOUTORA WANDA DE AGUIAR HORTA NA ASSOCIAÇÃO BRASILEIRA DE ENFERMAGEM - ABEn (1949 - 1977),undefined,S0080-62341987000400010,10.1590/0080-62341987021ESP00010,10.158999999999999,xml,1987,1,0,0,1,404 Client Error: Not Found for url: https://www.doi.org/doi/10.1590/0080-62341987021ESP00010
53,53,scl,0080-6234,Revista da Escola de Enfermagem da USP,"APRESENTAÇÃO DE DOCUMENTOS REFERENTES AO PENSAR, AGIR E FAZER DE WANDA AGUIAR HORTA",undefined,S0080-62341987000400013,10.1590/0080-62341987021ESP00013,10.158999999999999,xml,1987,1,0,0,1,404 Client Error: Not Found for url: https://www.doi.org/doi/10.1590/0080-62341987021ESP00013
54,54,scl,0080-6234,Revista da Escola de Enfermagem da USP,METODOLOGIA ASSISTENCIAL DE ENFERMAGEM: REFLEXÕES BASEADAS EM EXPERIÊNCIAS DE ENSINO,undefined,S0080-62341987000400021,10.1590/0080-62341987021ESP00021,10.158999999999999,xml,1987,1,0,0,1,404 Client Error: Not Found for url: https://www.doi.org/doi/10.1590/0080-62341987021ESP00021
55,55,scl,0080-6234,Revista da Escola de Enfermagem da USP,PROCESSO DE ENFERMAGEM: REFLEXÕES ACERCA DA TERMINOLOGIA UTILIZADA,undefined,S0080-62341987000400029,10.1590/0080-62341987021ESP00029,10.158999999999999,xml,1987,1,0,0,1,404 Client Error: Not Found for url: https://www.doi.org/doi/10.1590/0080-62341987021ESP00029
56,56,scl,0080-6234,Revista da Escola de Enfermagem da USP,O ENSINO DA METODOLOGIA ASSISTENCIAL DE ENFERMAGEM NO DEPARTAMENTO DE ENFERMAGEM DA ESCOLA PAULISTA DE MEDICINA: INFLUÊNCIA DO PENSAMENTO E PROPOSTAS Da DRª WANDA DE AGUIAR HORTA,undefined,S0080-62341987000400034,10.1590/0080-62341987021ESP00034,10.158999999999999,xml,1987,1,0,0,1,404 Client Error: Not Found for url: https://www.doi.org/doi/10.1590/0080-62341987021ESP00034
57,57,scl,0080-6234,Revista da Escola de Enfermagem da USP,O ENSINO DA METODOLOGIA ASSISTENCIAL DE ENFERMAGEM DEPARTAMENTO DE ENFERMAGEM — UFSC,research-article,S0080-62341987000400040,10.1590/0080-62341987021ESP00040,10.158999999999999,xml,1987,1,0,0,1,404 Client Error: Not Found for url: https://www.doi.org/doi/10.1590/0080-62341987021ESP00040
58,58,scl,0080-6234,Revista da Escola de Enfermagem da USP,O QUÊ E O PORQUÊ DO ENSINO DA METODOLOGIA ASSISTENCIAL EM ENFERMAGEM,undefined,S0080-62341987000400055,10.1590/0080-62341987021ESP00055,10.158999999999999,xml,1987,1,0,0,1,404 Client Error: Not Found for url: https://www.doi.org/doi/10.1590/0080-62341987021ESP00055
59,59,scl,0080-6234,Revista da Escola de Enfermagem da USP,A METODOLOGIA ASSISTENCIAL DE ENFERMAGEM NA PRÁTICA — HOSPITAL UNIVERSITÁRIO DA USP,undefined,S0080-62341987000400062,10.1590/0080-62341987021ESP00062,10.158999999999999,xml,1987,1,0,0,1,404 Client Error: Not Found for url: https://www.doi.org/doi/10.1590/0080-62341987021ESP00062
60,60,scl,0080-6234,Revista da Escola de Enfermagem da USP,SISTEMATIZAÇÃO DA ASSISTÊNCIA DE ENFERMAGEM EM UMA ÁREA DE RECUPERAÇÃO DA SAÚDE,undefined,S0080-62341987000400068,10.1590/0080-62341987021ESP00068,10.158999999999999,xml,1987,1,0,0,1,404 Client Error: Not Found for url: https://www.doi.org/doi/10.1590/0080-62341987021ESP00068
61,61,scl,0080-6234,Revista da Escola de Enfermagem da USP,"SISTEMATIZAÇAO DA ASSISTÊNCIA DE ENFERMAGEM NO INSTITUTO ""DANTE PAZZANESE"" DE CARDIOLOGÍA: RELATO DE EXPERIÊNCIA",undefined,S0080-62341987000400077,10.1590/0080-62341987021ESP00077,10.158999999999999,xml,1987,1,0,0,1,404 Client Error: Not Found for url: https://www.doi.org/doi/10.1590/0080-62341987021ESP00077
62,62,scl,0080-6234,Revista da Escola de Enfermagem da USP,PROCESSO DE ENFERMAGEM — APLICAÇÃO EM UMA UNIDADE DE HOSPITAL-ESCOLA DO INTERIOR,undefined,S0080-62341987000400088,10.1590/0080-62341987021ESP00088,10.158999999999999,xml,1987,1,0,0,1,404 Client Error: Not Found for url: https://www.doi.org/doi/10.1590/0080-62341987021ESP00088
63,63,scl,0080-6234,Revista da Escola de Enfermagem da USP,TEORIA DAS NECESSIDADES HUMANAS BÁSICAS — UM MARCO INDELÉVEL NA ENFERMAGEM BRASILEIRA,undefined,S0080-62341987000400100,10.1590/0080-62341987021ESP00100,10.158999999999999,xml,1987,1,0,0,1,404 Client Error: Not Found for url: https://www.doi.org/doi/10.1590/0080-62341987021ESP00100
1120,1120,scl,2238-3875,Sociologia & Antropologia,DO MITO GREGO AO MITO AMERÍNDIO: UMA ENTREVISTA SOBRE LÉVI-STRAUSS COM EDUARDO VIVEIROS DE CASTRO,undefined,S2238-38752011000200009,10.1590/2238-38752011V121,10.158999999999999,xml,2011,1,0,0,1,404 Client Error: Not Found for url: https://www.doi.org/doi/10.1590/2238-38752011V121
1121,1121,scl,2238-3875,Sociologia & Antropologia,AS DUAS NATUREZAS DE LÉVI-STRAUSS,research-article,S2238-38752011000200035,10.1590/2238-38752011V122,10.158999999999999,xml,2011,1,0,0,1,404 Client Error: Not Found for url: https://www.doi.org/doi/10.1590/2238-38752011V122
1122,1122,scl,2238-3875,Sociologia & Antropologia,"A IDEIA, A SÉRIE E A FORMA: DESAFIOS DA IMAGEM NO PENSAMENTO DE CLAUDE LÉVI-STRAUSS",research-article,S2238-38752011000200053,10.1590/2238-38752011V123,10.158999999999999,xml,2011,1,0,0,1,404 Client Error: Not Found for url: https://www.doi.org/doi/10.1590/2238-38752011V123
1123,1123,scl,2238-3875,Sociologia & Antropologia,DOM QUIXOTE NA AMÉRICA: CLAUDE LÉVI-STRAUSS E A ANTROPOLOGIA AMERICANISTA,research-article,S2238-38752011000200077,10.1590/2238-38752011V124,10.158999999999999,xml,2011,1,0,0,1,404 Client Error: Not Found for url: https://www.doi.org/doi/10.1590/2238-38752011V124
1124,1124,scl,2238-3875,Sociologia & Antropologia,REAVALIANDO CULTURA E POBREZA,research-article,S2238-38752011000200091,10.1590/2238-38752011V125,10.158999999999999,xml,2011,1,0,0,1,404 Client Error: Not Found for url: https://www.doi.org/doi/10.1590/2238-38752011V125
1125,1125,scl,2238-3875,Sociologia & Antropologia,EMPREENDIMENTOS URBANOS DE ECONOMIA SOLIDÁRIA: ALTERNATIVA DE EMPREGO OU POLÍTICA DE INSERÇÃO SOCIAL?,research-article,S2238-38752011000200119,10.1590/2238-38752011V126,10.158999999999999,xml,2011,1,0,0,1,404 Client Error: Not Found for url: https://www.doi.org/doi/10.1590/2238-38752011V126
1126,1126,scl,2238-3875,Sociologia & Antropologia,"O GÊNERO DA ""NOVA CIDADANIA"": O PROGRAMA MULHERES DA PAZ",research-article,S2238-38752011000200147,10.1590/2238-38752011V127,10.158999999999999,xml,2011,1,0,0,1,404 Client Error: Not Found for url: https://www.doi.org/doi/10.1590/2238-38752011V127
1127,1127,scl,2238-3875,Sociologia & Antropologia,JORGE AMADO E SEUS CAMARADAS NO CÍRCULO COMUNISTA INTERNACIONAL,research-article,S2238-38752011000200165,10.1590/2238-38752011V128,10.158999999999999,xml,2011,1,0,0,1,404 Client Error: Not Found for url: https://www.doi.org/doi/10.1590/2238-38752011V128
1128,1128,scl,2238-3875,Sociologia & Antropologia,O OLHO DO ETNÓGRAFO,research-article,S2238-38752011000200195,10.1590/2238-38752011V129,10.158999999999999,xml,2011,1,0,0,1,404 Client Error: Not Found for url: https://www.doi.org/doi/10.1590/2238-38752011V129
1129,1129,scl,2238-3875,Sociologia & Antropologia,IMAGEM - PALAVRA: A PRODUÇÃO DO CORDEL CONTEMPORÂNEO,research-article,S2238-38752011000200219,10.1590/2238-38752011V1210,10.158999999999999,xml,2011,1,0,0,1,404 Client Error: Not Found for url: https://www.doi.org/doi/10.1590/2238-38752011V1210
1130,1130,scl,2238-3875,Sociologia & Antropologia,WILHELM DILTHEY EM NOVAS TRADUÇÕES,book-review,S2238-38752011000200237,10.1590/2238-38752011V1211,10.158999999999999,xml,2011,1,0,0,1,404 Client Error: Not Found for url: https://www.doi.org/doi/10.1590/2238-38752011V1211
1311,1311,scl,2237-101X,Topoi (Rio de Janeiro),Formação e justificação do império português: uma síntese,book-review,S2237-101X2012000100202,10.1590/2237-101X01?02?00?,10.158999999999999,xml,2012,1,0,0,1,404 Client Error: Not Found for url: https://www.doi.org/doi/10.1590/2237-101X01?02?00?
1312,1312,scl,2238-3875,Sociologia & Antropologia,REPERTÓRIOS DE AÇÃO COLETIVA E CONFRONTOS POLÍTICOS: ENTREVISTA COM SIDNEY TARROW,undefined,S2238-38752012000300011,10.1590/2238-38752012V231,10.158999999999999,xml,2012,1,0,0,1,404 Client Error: Not Found for url: https://www.doi.org/doi/10.1590/2238-38752012V231
1313,1313,scl,2238-3875,Sociologia & Antropologia,"REPERTÓRIO, SEGUNDO CHARLES TILLY: HISTÓRIA DE UM CONCEITO",research-article,S2238-38752012000300021,10.1590/2238-38752012V232,10.158999999999999,xml,2012,1,0,0,1,404 Client Error: Not Found for url: https://www.doi.org/doi/10.1590/2238-38752012V232
1314,1314,scl,2238-3875,Sociologia & Antropologia,"COM, CONTRA E PARA ALÉM DE CHARLES TILLY: MUDANÇAS TEÓRICAS NO ESTUDO DAS AÇÕES COLETIVAS E DOS MOVIMENTOS SOCIAIS",research-article,S2238-38752012000300043,10.1590/2238-38752012V233,10.158999999999999,xml,2012,1,0,0,1,404 Client Error: Not Found for url: https://www.doi.org/doi/10.1590/2238-38752012V233
1315,1315,scl,2238-3875,Sociologia & Antropologia,"A INVENÇÃO DO ""SOCIAL"" E A NORMATIVIDADE DAS CIÊNCIAS SOCIAIS: DILEMAS CLÁSSICOS E TENDÊNCIAS CONTEMPORÂNEAS",research-article,S2238-38752012000300069,10.1590/2238-38752012V234,10.158999999999999,xml,2012,1,0,0,1,404 Client Error: Not Found for url: https://www.doi.org/doi/10.1590/2238-38752012V234
1316,1316,scl,2238-3875,Sociologia & Antropologia,O ERRO COMO MEIO DE PRODUÇÃO DE CONHECIMENTO: MAX WEBER E A ENTWICKLUNGSGESCHICHTE,research-article,S2238-38752012000300103,10.1590/2238-38752012V235,10.158999999999999,xml,2012,1,0,0,1,404 Client Error: Not Found for url: https://www.doi.org/doi/10.1590/2238-38752012V235
1317,1317,scl,2238-3875,Sociologia & Antropologia,GILBERTO FREYRE: A CIDADE COMO PERSONAGEM,research-article,S2238-38752012000300135,10.1590/2238-38752012V236,10.158999999999999,xml,2012,1,0,0,1,404 Client Error: Not Found for url: https://www.doi.org/doi/10.1590/2238-38752012V236
1318,1318,scl,2238-3875,Sociologia & Antropologia,"O DOM QUIXOTE DE ANTÔNIO JOSÉ DA SILVA, AS MARIONETES DO BAIRRO ALTO E AS PRISÕES DA INQUISIÇÃO",research-article,S2238-38752012000300161,10.1590/2238-38752012V237,10.158999999999999,xml,2012,1,0,0,1,404 Client Error: Not Found for url: https://www.doi.org/doi/10.1590/2238-38752012V237
1319,1319,scl,2238-3875,Sociologia & Antropologia,WIEDERAUFBAU NO BRASIL: RELAÇÕES ENTRE A ESCOLA DE ULM E O PROJETO PEDAGÓGICO DO MAM CARIOCA,research-article,S2238-38752012000300183,10.1590/2238-38752012V238,10.158999999999999,xml,2012,1,0,0,1,404 Client Error: Not Found for url: https://www.doi.org/doi/10.1590/2238-38752012V238
1320,1320,scl,2238-3875,Sociologia & Antropologia,A CLASSE MÉDIA CHINESA E SEUS PADRÕES DE CONSUMO,research-article,S2238-38752012000300203,10.1590/2238-38752012V239,10.158999999999999,xml,2012,1,0,0,1,404 Client Error: Not Found for url: https://www.doi.org/doi/10.1590/2238-38752012V239
1321,1321,scl,2238-3875,Sociologia & Antropologia,"EM BUSCA DA ""VERDADE REAL"": TORTURA E CONFISSÃO NO BRASIL ONTEM E HOJE",research-article,S2238-38752012000300237,10.1590/2238-38752012V2310,10.158999999999999,xml,2012,1,0,0,1,404 Client Error: Not Found for url: https://www.doi.org/doi/10.1590/2238-38752012V2310
1322,1322,scl,2238-3875,Sociologia & Antropologia,AS CIÊNCIAS SOCIAIS NO BRASIL: ESTUDO REALIZADO PARA A CAPES POR L. A. COSTA PINTO E EDISON CARNEIRO,research-article,S2238-38752012000300269,10.1590/2238-38752012V2311,10.158999999999999,xml,2012,1,0,0,1,404 Client Error: Not Found for url: https://www.doi.org/doi/10.1590/2238-38752012V2311
1323,1323,scl,2238-3875,Sociologia & Antropologia,OS ESTUDOS SOCIAIS E A MUDANÇA SOCIAL NO BRASIL,research-article,S2238-38752012000300279,10.1590/2238-38752012V2312,10.158999999999999,xml,2012,1,0,0,1,404 Client Error: Not Found for url: https://www.doi.org/doi/10.1590/2238-38752012V2312
1324,1324,scl,2238-3875,Sociologia & Antropologia,RESENHA,book-review,S2238-38752012000300309,10.1590/2238-38752012V2313,10.158999999999999,xml,2012,1,0,0,1,404 Client Error: Not Found for url: https://www.doi.org/doi/10.1590/2238-38752012V2313
1402,1402,scl,1413-8050,Economia Aplicada,Evidências empíricas de interação espacial das políticas habitacionais para os municípios brasileiros,research-article,S1413-80502014000400001,10.1590/1413-8050/EA253,10.158999999999999,html,2014,1,0,0,1,404 Client Error: Not Found for url: https://www.doi.org/doi/10.1590/1413-8050/EA253
1405,1405,scl,1516-0572,Revista Brasileira de Plantas Medicinais,Avaliação da toxicidade aguda do extrato das cascas de Pithecellobium cochliocarpum (Gomez) Macbr.,research-article,S1516-05722014000400008,10.1590/1983-084X/10_118,10.158999999999999,html,2014,1,0,0,1,404 Client Error: Not Found for url: https://www.doi.org/doi/10.1590/1983-084X/10_118
1406,1406,scl,1516-0572,Revista Brasileira de Plantas Medicinais,Crescimento e tolerância à salinidade em três espécies medicinais do gênero Plectranthus expostas a diferentes níveis de radiação,research-article,S1516-05722014000400009,10.1590/1983-084X/12_152,10.158999999999999,html,2014,1,0,0,1,404 Client Error: Not Found for url: https://www.doi.org/doi/10.1590/1983-084X/12_152
1407,1407,scl,1516-0572,Revista Brasileira de Plantas Medicinais,Alimento ou medicamento?: Espécies vegetais frente à legislação brasileira,research-article,S1516-05722014000700020,10.1590/1983-084x/12_096,10.158999999999999,html,2014,1,0,0,1,404 Client Error: Not Found for url: https://www.doi.org/doi/10.1590/1983-084x/12_096
1461,1461,scl,1981-8122,Boletim do Museu Paraense Emílio Goeldi. Ciências Humanas,A vida póstuma de Aby Warburg: por que seu pensamento seduz os pesquisadores contemporâneos da imagem?,research-article,S1981-81222014000200004,10.1590/1981-81222014000200004,10.158999999999999,html,2014,1,0,0,1,404 Client Error: Not Found for url: https://www.doi.org/doi/10.1590/1981-81222014000200004
1485,1485,scl,1413-8557,Psicologia Escolar e Educacional,Intervenção ortográfica em escolares com e sem dificuldades de escrita,research-article,S1413-85572015000100105,10.1590/2175-3539/2015/0191808,10.158999999999999,xml,2015,1,0,0,1,404 Client Error: Not Found for url: https://www.doi.org/doi/10.1590/2175-3539/2015/0191808
1486,1486,scl,1413-8557,Psicologia Escolar e Educacional,A formação do psicólogo no estado do Paraná para atuar na escola,research-article,S1413-85572015000100173,10.1590/2175-3539/2015/0191817,10.158999999999999,xml,2015,1,0,0,1,404 Client Error: Not Found for url: https://www.doi.org/doi/10.1590/2175-3539/2015/0191817
1487,1487,scl,1414-9893,Psicologia: Ciência e Profissão,Errata,correction,S1414-98932015000100248,10.1590/1982–3703000012015,10.158999999999999,xml,2015,1,0,0,1,404 Client Error: Not Found for url: https://www.doi.org/doi/10.1590/1982%E2%80%933703000012015
1488,1488,scl,1414-9893,Psicologia: Ciência e Profissão,Errata,correction,S1414-98932015000100249,10.1590/1982–3703000022015,10.158999999999999,xml,2015,1,0,0,1,404 Client Error: Not Found for url: https://www.doi.org/doi/10.1590/1982%E2%80%933703000022015
1531,1531,scl,0001-3765,Anais da Academia Brasileira de Ciências,Tracking atmospheric dispersion of metals in Rio de Janeiro Metropolitan region (Brazil) with epiphytes as bioindicators,research-article,S0001-37652018000602991,10.1590/0001-3765201820170905,10.158999999999999,xml,2018,1,0,0,1,404 Client Error: Not Found for url: https://www.doi.org/doi/10.1590/0001-3765201820170905
1532,1532,scl,0001-3765,Anais da Academia Brasileira de Ciências,"Methodological description and preliminary results of a cohort study on the influence of the first 1,000 days of life on the children’s future health",research-article,S0001-37652018000603105,10.1590/0001-3765201820170937,10.158999999999999,xml,2018,1,0,0,1,404 Client Error: Not Found for url: https://www.doi.org/doi/10.1590/0001-3765201820170937
1533,1533,scl,0103-8478,Ciência Rural,Oxidizable fractions of soil organic carbon in Caatinga forest submitted to different forest managements,research-article,S0103-84782018001000300,10.1590/0103-8478CR20170708,10.158999999999999,xml,2018,1,0,0,1,404 Client Error: Not Found for url: https://www.doi.org/doi/10.1590/0103-8478CR20170708
1534,1534,scl,0103-8478,Ciência Rural,Hematological profile of captive bearded capuchin monkeys (Sapajus libidinosus) from Northeastern Brazil,research-article,S0103-84782018001000400,10.1590/0103-8478CR20180065,10.158999999999999,xml,2018,1,0,0,1,404 Client Error: Not Found for url: https://www.doi.org/doi/10.1590/0103-8478CR20180065
1535,1535,scl,0103-8478,Ciência Rural,Different sources of sulfur in diets of adult cats on the urinary parameters and acid-base balance,research-article,S0103-84782018001000601,10.1590/0103-8478CR20180017,10.158999999999999,xml,2018,1,0,0,1,404 Client Error: Not Found for url: https://www.doi.org/doi/10.1590/0103-8478CR20180017
1536,1536,scl,0103-8478,Ciência Rural,"Pithecellobium dulce, Tagetes erecta and Cosmos bipinnatus on reducing enteric methane emission by dairy cows",research-article,S0103-84782018001000650,10.1590/0103-8478CR20170484,10.158999999999999,xml,2018,1,0,0,1,404 Client Error: Not Found for url: https://www.doi.org/doi/10.1590/0103-8478CR20170484
